customer_id,frequency,recency,T,monetary_value,predicted_clv,segment
1,2,30.43,38.86,22.35,216.01089296914188,High
2,1,1.71,38.86,11.77,16.461350972696184,Low
6,7,29.43,38.86,73.74,2207.853016922146,VIP
7,1,5.0,38.86,11.77,25.069046604586145,Low
9,2,35.71,38.86,25.55,259.9436380174125,High
11,5,24.43,38.86,29.44,537.0500183553643,VIP
17,10,34.14,38.86,24.24,1185.9132004375938,VIP
18,1,4.86,38.86,9.99,21.894584181702697,Low
19,3,28.29,38.71,25.08,346.4879409565099,High
21,2,14.57,38.71,32.3,187.6912444651106,Medium
26,1,1.57,38.71,227.14,240.19696926393397,High
28,1,29.43,38.71,80.46,333.36910297624723,High
30,1,5.86,38.71,40.47,77.68275465405233,Medium
35,1,27.14,38.71,31.14,133.70034222652802,Medium
38,1,2.14,38.71,13.97,20.266866776080338,Low
45,1,24.43,38.57,14.96,68.88769532071424,Medium
46,12,34.43,38.57,29.54,1748.529998247894,VIP
49,1,1.57,38.57,14.37,18.992478089843544,Low
56,2,33.14,38.57,28.03,278.2328702827287,High
57,1,4.29,38.57,15.36,29.017736949095237,Low
59,1,38.43,38.43,6.49,45.197117199070505,Low
61,4,29.43,38.43,53.4,982.6880062761649,VIP
63,1,16.14,38.43,43.13,142.281683981369,Medium
67,2,21.14,38.43,133.48,1005.0226613145029,VIP
70,3,29.29,38.43,42.63,594.2202782702392,VIP
73,1,5.86,38.43,69.23,129.58630428718084,Medium
75,1,5.14,38.43,20.77,40.808504567060695,Low
79,3,16.86,38.29,20.22,177.40707826241422,Medium
82,1,7.43,38.29,42.09,92.62153279562315,Medium
86,7,26.43,38.29,27.63,730.8662870065762,VIP
88,10,35.43,38.29,13.66,706.8904926700659,VIP
91,1,33.29,38.29,14.99,78.82562691595132,Medium
92,6,37.43,38.29,50.87,1580.2354735575414,VIP
98,2,31.86,38.29,33.42,326.05202275177214,High
99,4,37.57,38.29,20.68,438.47181930547293,High
100,1,23.86,38.29,26.22,110.07953923620948,Medium
101,5,36.14,38.14,17.47,460.9417092190454,High
105,1,24.14,38.14,92.8,357.8401573224422,High
106,1,6.14,38.14,52.3,103.10745043509311,Medium
109,1,0.29,38.14,39.09,35.44729154387521,Low
111,1,0.29,38.14,12.97,13.850231904520774,Low
114,1,24.14,38.14,24.99,106.59828823002205,Medium
116,1,5.29,38.14,28.31,54.73288559108525,Medium
121,1,3.0,38.14,13.77,23.209066992225367,Low
125,1,7.14,38.14,36.71,80.52025468050536,Medium
129,4,7.57,38.0,13.62,18.31219150097058,Low
130,3,26.0,38.0,19.36,263.9118748451014,High
132,1,24.0,38.0,71.66,280.00987544292934,High
133,2,28.43,38.0,13.87,139.9061281802399,Medium
135,1,23.43,38.0,19.54,85.64952102988366,Medium
136,2,7.43,38.0,23.48,73.44143959626788,Medium
138,2,16.86,38.0,51.8,344.0165584291979,High
139,1,2.14,38.0,29.33,38.95460119090499,Low
140,1,15.71,38.0,23.54,82.93369042095391,Medium
142,5,6.86,38.0,35.58,15.446044802306547,Low
143,2,28.57,38.0,15.16,151.6944517168561,Medium
144,7,34.14,38.0,22.92,818.6612549310782,VIP
145,2,35.71,38.0,18.98,202.39741866951582,High
147,4,29.29,38.0,29.86,563.9883135646619,VIP
148,13,37.86,38.0,29.34,2011.0290679348204,VIP
150,4,33.0,38.0,28.53,574.9101552366977,VIP
151,4,35.29,38.0,24.94,518.4328587683272,VIP
154,1,2.86,38.0,16.7,26.736753640933177,Low
156,1,6.43,38.0,34.32,72.12977669682877,Medium
157,29,37.71,38.0,26.26,4007.789717483426,VIP
159,3,24.71,37.86,46.59,594.2770188552824,VIP
162,1,2.0,37.86,46.28,57.96785779523021,Medium
164,10,37.0,37.86,62.44,3261.6359149141945,VIP
167,13,28.14,37.86,25.46,1044.796468181218,VIP
170,1,37.43,37.86,14.49,80.94496254368903,Medium
178,6,32.86,37.71,35.18,1059.7655091389972,VIP
179,8,36.14,37.71,49.25,2052.4684519374614,VIP
183,1,5.0,37.71,15.76,32.98585984959085,Low
185,4,36.14,37.71,33.91,709.3632672363455,VIP
187,2,7.86,37.71,11.87,42.98050947740525,Low
188,3,21.14,37.71,37.99,430.73488978129427,High
189,3,6.0,37.71,28.46,45.98830410055689,Low
195,6,27.0,37.71,28.77,733.3844857780535,VIP
197,1,1.57,37.71,27.13,33.55933678345714,Low
200,2,14.29,37.57,41.48,246.5994265345955,High
202,2,7.0,37.57,18.88,57.928498657887694,Medium
203,2,31.0,37.57,21.87,221.690214746976,High
206,1,18.0,37.57,14.96,61.74739235648758,Medium
208,1,0.29,37.57,34.27,32.26549080398368,Low
211,7,17.86,37.57,71.81,529.5592420840305,VIP
215,2,29.0,37.57,14.47,148.48341248169,Medium
217,4,24.29,37.57,37.26,611.6133988941118,VIP
219,1,14.86,37.43,14.99,56.48643480100185,Medium
220,1,27.43,37.43,21.74,101.96224857056998,Medium
226,2,11.43,37.43,20.35,103.45051499696672,Medium
228,1,2.0,37.43,13.97,20.93764514151964,Low
229,1,1.86,37.43,9.77,15.629741194676729,Low
230,2,33.0,37.43,28.65,292.9330707622963,High
232,3,36.57,37.43,22.29,359.55685102002377,High
242,4,31.43,37.43,24.09,486.0502125374011,High
243,1,8.29,37.29,55.28,131.3381880937276,Medium
244,5,5.14,37.29,194.86,39.044270966479466,Low
247,2,24.0,37.29,36.11,317.215515147756,High
249,1,1.86,37.29,30.32,39.57173967312603,Low
250,2,20.43,37.29,26.94,218.47321489593577,High
253,1,32.0,37.29,16.36,85.77776067282895,Medium
255,1,0.43,37.29,11.77,13.778181492393033,Low
257,5,16.14,37.29,32.12,260.6050372409842,High
260,1,5.86,37.29,38.77,79.022702177561,Medium
261,2,28.57,37.29,52.94,498.7080548777239,High
263,1,36.86,37.29,64.45,305.5279788187368,High
266,1,0.14,37.29,11.77,12.894748506740328,Low
267,2,35.57,37.29,21.36,229.63155026358274,High
268,1,5.71,37.29,90.83,173.43173302970416,Medium
270,1,2.0,37.14,79.72,99.73537324650587,Medium
272,1,3.86,37.14,41.82,69.89129405289192,Medium
274,3,24.29,37.14,20.5,274.5959118454892,High
275,1,34.0,37.14,25.74,129.08219710101062,Medium
276,13,30.71,37.14,17.56,1042.7781025114318,VIP
282,3,19.43,37.14,87.43,919.9555891322061,VIP
283,3,32.86,37.14,19.62,310.022650376957,High
284,1,3.0,37.14,36.67,55.79287247238973,Medium
287,3,31.57,37.14,33.97,514.832228159999,VIP
289,5,36.43,37.14,36.98,983.3856392949031,VIP
291,2,35.43,37.14,65.07,663.249410545464,VIP
292,1,0.43,37.14,20.75,21.880840553391284,Low
294,1,0.71,37.14,18.99,21.560312458842954,Low
297,1,15.29,37.0,76.41,248.50611051418213,High
298,1,1.14,37.0,12.97,17.366923719414743,Low
302,3,34.43,37.0,20.08,323.4807316889184,High
303,1,36.29,37.0,31.48,158.3481093944602,Medium
304,1,17.86,37.0,69.84,246.29813589238034,High
306,1,3.43,37.0,14.37,26.59602081947688,Low
310,4,4.29,37.0,48.81,18.9794829941546,Low
312,2,34.57,37.0,25.61,271.30238067125936,High
314,3,27.71,37.0,93.4,1305.1681280516025,VIP
317,1,19.86,37.0,29.75,117.95753844885431,Medium
319,1,16.57,37.0,48.94,170.05013210011597,Medium
321,2,32.0,37.0,60.75,601.5998148694504,VIP
323,1,8.86,36.86,41.77,106.6790461170692,Medium
324,3,2.71,36.86,15.89,8.998937128179456,Low
325,25,27.29,36.86,37.21,506.4927988263687,VIP
330,5,22.57,36.86,59.42,1072.6459940616094,VIP
332,2,14.14,36.86,10.88,74.36466786985727,Medium
336,5,36.0,36.86,45.07,1199.1346623732134,VIP
339,1,22.43,36.86,9.77,50.60204787515598,Medium
344,2,22.57,36.71,15.7,144.7945959285564,Medium
348,1,22.57,36.71,4.79,32.247519947789655,Low
350,2,22.57,36.71,79.02,666.0103410663537,VIP
351,1,9.57,36.71,12.77,40.609971662552304,Low
357,1,2.57,36.71,242.98,326.9424916909194,High
358,2,23.71,36.71,36.22,322.4720072002232,High
363,2,10.57,36.71,9.77,52.162383666202686,Medium
364,4,28.71,36.71,41.81,810.0241939989154,VIP
367,1,11.71,36.57,176.45,494.46345714765823,High
368,3,17.43,36.57,26.42,262.3684429357539,High
370,1,14.14,36.57,24.74,86.2508287198683,Medium
376,1,5.71,36.57,13.77,33.12557510335898,Low
377,1,10.43,36.57,13.97,45.82427136040583,Low
378,1,22.0,36.57,16.7,76.53759049118312,Medium
382,11,36.43,36.57,37.11,2207.3468179443366,VIP
385,4,31.14,36.57,22.86,473.11066454542356,High
388,1,15.29,36.43,100.59,329.93738267512856,High
389,2,10.14,36.43,22.08,104.4806147181983,Medium
394,1,25.86,36.43,189.64,777.8718981785651,VIP
395,1,4.43,36.43,23.54,45.90848948521196,Low
397,3,21.29,36.43,14.37,183.01617160373655,Medium
398,1,8.0,36.43,29.99,76.20660464514958,Medium
401,2,21.86,36.43,18.14,163.49468592859853,Medium
403,8,31.14,36.43,44.8,1802.2904202668003,VIP
404,1,6.14,36.43,15.38,37.71954018607982,Low
406,2,15.86,36.43,34.22,235.92033501068988,High
407,1,31.86,36.43,14.96,81.7188211801662,Medium
410,1,21.71,36.43,28.34,119.87363811542487,Medium
412,2,3.43,36.43,15.36,25.935391522539486,Low
415,3,20.86,36.29,17.89,221.63709380335382,High
422,2,12.43,36.29,52.47,290.0230896232694,High
423,2,19.71,36.29,13.37,117.40908290375056,Medium
427,1,4.43,36.29,29.33,55.96586496929407,Medium
428,2,30.0,36.29,25.05,257.88545638183166,High
434,1,8.43,36.29,25.74,68.84906490465481,Medium
439,1,18.14,36.29,34.14,130.9088064281405,Medium
440,2,26.14,36.29,97.58,897.1711551631512,VIP
441,4,26.71,36.29,13.93,273.1150420173612,High
444,2,3.14,36.14,29.98,45.382814025143574,Low
446,6,27.14,36.14,23.18,648.3205705242364,VIP
448,1,2.14,36.14,44.97,62.1694236123084,Medium
450,1,7.86,36.14,27.33,70.35850115085454,Medium
451,1,8.86,36.14,83.39,209.9124393938887,High
452,1,17.0,36.14,11.77,52.31000685108228,Medium
453,2,11.0,36.14,31.26,158.8957656730181,Medium
454,1,27.14,36.14,14.37,75.10537705978868,Medium
456,7,28.29,36.14,66.89,2199.6030133633467,VIP
457,4,15.14,36.14,19.02,168.0345482294831,Medium
461,7,25.43,36.14,21.39,617.261062111996,VIP
463,1,8.57,36.14,58.07,146.35881284082336,Medium
464,1,17.0,36.14,38.71,142.93116174900982,Medium
466,2,23.0,36.14,32.54,292.36123213647846,High
467,1,31.57,36.14,51.5,242.31948354235934,High
469,4,30.43,36.14,21.65,450.5055420382285,High
471,1,2.43,36.14,14.79,24.72429559538036,Low
474,2,33.71,36.14,20.13,220.77994687035408,High
477,4,36.0,36.14,29.69,650.0689574828466,VIP
480,2,21.29,36.0,56.95,480.4069938710274,High
481,1,21.57,36.0,89.48,351.943185500452,High
483,1,8.57,36.0,11.97,37.47626424723295,Low
485,11,33.14,36.0,50.03,2907.959515722771,VIP
487,4,9.0,36.0,31.04,78.33073911123046,Medium
491,4,17.43,36.0,32.82,376.3039806525431,High
493,3,30.43,36.0,31.99,495.7309695446451,High
495,1,36.0,36.0,11.49,70.37336896017499,Medium
496,1,2.14,36.0,15.36,24.560914408183695,Low
499,6,26.57,36.0,43.93,1194.2292862027043,VIP
500,3,5.57,36.0,36.19,59.773938083985676,Medium
505,2,14.29,35.86,39.6,255.50078311806428,High
507,2,31.0,35.86,27.85,292.0321247845488,High
509,18,35.14,35.86,78.63,7698.3790701221615,VIP
511,1,5.29,35.86,14.96,35.081068531030546,Low
513,1,7.86,35.86,37.65,94.74462782388366,Medium
517,5,29.57,35.86,27.39,698.2119728254246,VIP
519,1,35.86,35.86,41.47,209.1037737177083,High
521,6,34.86,35.86,18.67,619.5164641265045,VIP
523,2,11.14,35.86,17.62,96.0612701588687,Medium
526,2,22.71,35.86,96.09,834.5325308965123,VIP
528,1,29.86,35.86,27.77,136.62344956902078,Medium
529,1,20.86,35.71,38.92,160.28750050884227,Medium
532,1,12.86,35.71,12.49,48.3624171561269,Low
534,1,4.57,35.71,44.88,85.51226013140227,Medium
535,2,29.43,35.71,77.42,767.0714222626564,VIP
539,1,0.14,35.71,6.79,9.421355093678118,Low
541,2,31.71,35.71,33.72,354.11483686545046,High
543,2,22.43,35.71,135.96,1172.4136631915046,VIP
548,1,22.0,35.71,71.45,289.1041652186188,High
549,10,33.57,35.71,38.76,2087.685878443471,VIP
551,1,6.71,35.71,30.97,73.68911533208635,Medium
552,3,3.43,35.71,41.46,33.7934054221627,Low
553,3,23.71,35.71,58.67,787.1883689996137,VIP
555,2,32.43,35.71,31.97,339.34068508145725,High
558,12,23.86,35.57,26.74,674.1209210016215,VIP
560,1,7.57,35.57,30.32,77.36855501491739,Medium
561,2,29.0,35.57,46.35,465.8889136008467,High
562,2,34.43,35.57,24.99,275.783813763369,High
567,5,33.43,35.57,20.81,571.6407026113181,VIP
570,2,24.86,35.57,14.31,146.12772966467762,Medium
572,5,8.71,35.57,50.67,67.05024388398799,Medium
574,1,26.71,35.57,27.31,130.12012573640695,Medium
575,1,5.43,35.57,13.97,34.062878187330625,Low
577,1,7.29,35.57,59.25,140.25143817803078,Medium
584,1,35.43,35.43,45.98,231.89949494983526,High
585,2,21.57,35.43,44.0,385.6975747376229,High
592,1,29.0,35.43,15.36,83.06006294664299,Medium
593,7,17.14,35.43,42.49,367.41942872775064,High
596,2,32.71,35.43,41.12,435.85603320071425,High
599,2,25.86,35.43,8.38,94.84425997099662,Medium
601,4,21.43,35.43,31.97,513.228702978317,VIP
604,3,30.0,35.43,14.7,240.85900440504855,High
606,1,31.29,35.43,14.37,81.00898322764792,Medium
608,2,13.57,35.43,21.37,139.9385264609836,Medium
609,2,22.0,35.43,37.08,331.2443469101501,High
611,1,10.29,35.29,163.61,450.5138094945038,High
612,1,20.86,35.29,11.77,59.19450470088951,Medium
613,2,33.57,35.29,11.63,138.7346953577447,Medium
618,2,3.86,35.29,21.75,42.568557150872465,Low
621,1,7.86,35.29,19.99,55.61323118371574,Medium
623,1,23.86,35.29,13.97,71.59003823888781,Medium
625,3,11.14,35.29,32.02,182.36308731563574,Medium
630,1,34.29,35.29,18.98,105.3403682243742,Medium
633,1,2.71,35.29,75.2,113.5563921408788,Medium
641,3,26.71,35.14,40.04,595.9436797410834,VIP
643,4,28.43,35.14,15.26,323.06807807446876,High
648,2,11.57,35.14,11.98,73.47729448711424,Medium
649,1,8.57,35.14,15.36,47.116313951081445,Low
650,1,6.43,35.14,29.33,70.33975407799205,Medium
655,5,31.14,35.14,29.39,787.4759403447538,VIP
656,1,5.86,35.14,11.77,31.54105681843382,Low
659,1,7.14,35.14,26.73,68.35423429606159,Medium
660,2,8.29,35.14,24.08,99.56162956137318,Medium
661,1,33.71,35.14,12.99,77.51036122781422,Medium
666,1,20.86,35.0,52.47,216.2074655614302,High
668,8,33.57,35.0,29.48,1304.2519534915725,VIP
669,1,4.43,35.0,54.71,104.45081259833788,Medium
671,6,29.29,35.0,36.53,1133.2373426096578,VIP
672,1,8.14,35.0,34.11,91.32641579973262,Medium
673,2,3.86,35.0,20.15,40.481188018508206,Low
675,3,25.29,35.0,70.45,1008.9761631995169,VIP
676,6,23.0,35.0,79.33,1860.4853310769877,VIP
678,1,20.43,35.0,14.96,71.37215669890479,Medium
680,2,16.29,35.0,28.64,216.88937905724575,High
681,5,25.14,35.0,17.25,408.9073975162527,High
683,1,28.0,35.0,10.77,63.14081800116029,Medium
690,1,18.86,35.0,29.92,123.79856049336132,Medium
691,1,6.0,35.0,21.54,52.26628544492414,Medium
693,13,34.43,35.0,42.44,3063.6334111913134,VIP
696,1,3.57,35.0,24.99,46.73140052254352,Low
697,3,25.86,34.86,20.08,305.6766665374686,High
699,5,14.43,34.86,17.22,134.9482246156521,Medium
701,2,17.43,34.86,20.55,168.40541657331232,Medium
702,1,22.86,34.86,128.89,532.957261587162,VIP
705,1,11.14,34.86,11.78,44.3624854181871,Low
707,1,4.0,34.86,37.75,71.27738779959809,Medium
708,1,0.57,34.86,29.58,34.04762305082041,Low
712,4,30.57,34.86,22.54,489.3253509298993,High
713,6,33.57,34.86,16.31,553.1222268485228,VIP
714,1,1.71,34.86,14.37,22.903820964344142,Low
715,2,9.71,34.86,50.27,237.61832698971793,High
718,2,12.0,34.86,14.47,90.90386710570071,Medium
720,7,34.86,34.86,14.6,584.7351216020861,VIP
726,3,20.29,34.86,48.17,596.7875732045234,VIP
728,5,17.0,34.86,62.48,744.246550939224,VIP
730,2,10.57,34.71,11.77,68.05922394241541,Medium
731,1,4.57,34.71,18.76,41.345973251059455,Low
732,3,33.71,34.71,37.47,622.6870097673668,VIP
739,1,13.29,34.71,12.49,51.02661235571205,Medium
741,1,24.86,34.71,14.96,78.3228910999903,Medium
745,2,14.43,34.71,16.83,122.6716839931834,Medium
747,1,12.57,34.71,70.13,225.38340350187036,High
750,1,7.14,34.71,6.79,24.103665129701405,Low
751,10,29.29,34.71,62.26,3156.13898810812,VIP
756,3,16.43,34.71,13.3,143.11312084527438,Medium
757,3,17.14,34.71,20.68,226.17990674309004,High
760,2,9.14,34.57,66.94,300.5198730780844,High
761,5,34.57,34.57,89.61,2491.1813520489873,VIP
762,4,23.14,34.57,18.04,334.78566065998274,High
770,1,3.71,34.57,27.94,53.37067528932913,Medium
775,1,16.0,34.57,15.36,66.08572673072094,Medium
776,1,0.29,34.57,24.98,27.994823049241898,Low
777,3,9.29,34.57,12.19,57.94768635726977,Medium
778,1,8.71,34.57,28.34,81.57210706379396,Medium
783,6,32.86,34.43,47.02,1564.9251888973802,VIP
784,2,25.57,34.43,37.12,370.69207933959274,High
793,1,2.14,34.43,50.3,74.47928313194197,Medium
794,6,30.86,34.43,13.48,452.02342337307726,High
796,1,5.86,34.43,32.37,75.55079358269863,Medium
798,2,8.14,34.43,127.32,507.35109283448986,VIP
801,7,33.71,34.43,124.61,4847.0808745003515,VIP
805,2,20.71,34.43,32.42,292.54514796212084,High
810,2,12.71,34.43,46.79,290.8434464245671,High
812,1,7.29,34.29,19.99,55.73734892261022,Medium
813,13,33.86,34.29,28.62,2105.4729400875326,VIP
814,7,5.57,34.29,27.36,1.4618694071164249,Low
817,3,32.0,34.29,39.73,656.4124618799779,VIP
819,1,22.14,34.29,11.77,62.80649922892594,Medium
821,1,4.71,34.29,66.63,133.3743996908238,Medium
822,1,19.71,34.29,14.96,71.9620455782453,Medium
823,2,0.86,34.29,42.2,34.443898937484384,Low
827,1,8.29,34.29,13.97,44.44696243565773,Low
830,1,21.14,34.29,44.28,190.30463087881367,Medium
831,1,23.86,34.29,21.75,106.37852817868513,Medium
836,2,31.0,34.29,12.25,145.61268834922117,Medium
837,1,0.57,34.29,12.97,17.56201298392403,Low
840,1,26.71,34.29,15.96,86.03165302727255,Medium
841,19,34.0,34.14,29.49,3185.447423601583,VIP
842,2,21.0,34.14,103.88,919.2170615194834,VIP
843,2,28.0,34.14,38.45,402.0985904305841,High
845,2,21.0,34.14,109.63,969.188490843517,VIP
846,2,14.0,34.14,68.85,464.81729984851734,High
850,1,6.57,34.14,58.14,138.64248547401212,Medium
854,1,0.43,34.14,16.76,21.050325310060515,Low
856,1,10.57,34.14,13.97,50.65652167064742,Medium
858,1,1.43,34.14,29.98,42.009701201728916,Low
861,2,18.29,34.14,12.97,118.74201516588315,Medium
865,1,14.86,34.14,43.09,158.61974738710052,Medium
867,7,31.43,34.14,23.64,921.3780398090234,VIP
873,1,0.14,34.14,9.77,13.008116469545552,Low
876,1,27.71,34.14,46.5,223.2907451480688,High
877,1,16.57,34.0,26.75,109.3936964831152,Medium
880,2,8.71,34.0,15.46,74.70762287894968,Medium
882,1,9.86,34.0,10.77,40.294957562224425,Low
883,1,15.29,34.0,29.92,116.2262955613382,Medium
886,4,28.14,34.0,60.85,1276.3836326889768,VIP
889,1,13.71,34.0,51.6,181.1207115547844,Medium
893,1,23.86,34.0,45.4,206.8885555346628,High
897,5,14.71,34.0,9.7,91.86646415997112,Medium
898,1,10.29,34.0,14.96,53.04428345201558,Medium
900,1,24.86,34.0,54.73,250.24293194854627,High
902,1,9.71,34.0,53.5,157.38452511565384,Medium
904,1,2.29,34.0,35.51,56.433922490129405,Medium
908,7,26.0,34.0,26.42,896.641041300272,VIP
909,2,20.14,34.0,28.04,255.30661110397907,High
910,1,12.71,34.0,152.72,492.95383695657375,High
916,1,15.71,33.86,36.5,141.45274195215245,Medium
921,2,32.71,33.86,55.51,609.3061728784577,VIP
928,1,8.57,33.86,14.37,47.04586913560664,Low
930,4,26.14,33.86,25.11,519.3505736110757,VIP
932,1,4.57,33.86,25.94,56.577939309617,Medium
933,1,23.0,33.86,28.74,135.38963438247146,Medium
935,1,2.57,33.86,17.9,32.617273459760035,Low
937,1,3.71,33.86,15.99,34.332728646221064,Low
938,2,33.0,33.71,11.97,148.18362089084962,Medium
940,1,3.0,33.71,29.93,54.082656266625406,Medium
944,2,33.71,33.71,43.98,493.50892818804243,High
946,4,15.29,33.71,29.1,316.67957875696624,High
948,1,6.14,33.71,14.96,41.32404177868695,Low
949,7,32.57,33.71,20.16,810.3887620768605,VIP
950,1,1.14,33.71,30.72,41.59671980280258,Low
952,1,2.29,33.71,125.69,188.4700360207145,Medium
955,4,24.0,33.71,99.71,1903.9799947713489,VIP
957,1,6.71,33.71,12.79,38.18270337576707,Low
962,1,1.0,33.71,13.97,20.848529188366875,Low
964,7,30.14,33.71,23.01,893.1642570045774,VIP
965,1,11.0,33.71,42.02,135.65491212585684,Medium
967,6,29.86,33.71,42.5,1394.7663546207534,VIP
969,5,18.29,33.71,33.62,531.3160238274104,VIP
971,2,14.29,33.71,12.47,97.91084067908507,Medium
973,1,17.43,33.71,38.51,156.75956355084125,Medium
975,6,30.43,33.71,47.07,1556.1476359330761,VIP
977,2,11.43,33.71,36.86,218.91406741036852,High
981,2,16.0,33.57,38.4,301.0584027363865,High
982,2,27.14,33.57,27.57,295.49803940564277,High
985,6,25.0,33.57,35.04,1017.2045943718389,VIP
988,1,20.0,33.57,43.9,188.91434453105384,Medium
990,1,24.29,33.57,40.51,190.3557092536495,Medium
994,2,10.71,33.57,42.48,238.15433168373747,High
999,1,1.71,33.57,10.78,19.50803521095658,Low
1000,4,24.43,33.57,16.26,331.8040494813622,High
1003,1,26.71,33.57,68.31,321.5412328401428,High
1005,1,3.86,33.57,15.76,34.96436976729869,Low
1008,1,1.43,33.43,20.99,31.872766646056935,Low
1010,5,21.14,33.43,122.93,2503.5783913610053,VIP
1011,2,18.86,33.43,52.85,459.2311995492635,High
1015,3,26.0,33.43,40.32,629.2649804598867,VIP
1017,12,32.43,33.43,12.86,895.9108570636122,VIP
1018,1,9.14,33.43,49.48,145.1850655284293,Medium
1021,2,21.43,33.43,29.6,284.32906399042656,High
1037,4,14.29,33.43,33.36,325.538064734183,High
1038,1,23.14,33.29,57.5,260.69931920110014,High
1039,1,8.71,33.29,28.99,87.66936368465664,Medium
1042,3,18.0,33.29,15.17,192.31405558318306,Medium
1044,1,33.29,33.29,19.49,113.26648792287322,Medium
1046,1,0.57,33.29,13.97,19.526692245024726,Low
1051,4,25.0,33.29,16.62,348.2876438773852,High
1054,2,19.14,33.29,16.98,160.65006105975087,Medium
1056,5,32.29,33.29,36.58,1047.756622303581,VIP
1058,3,24.57,33.29,67.12,1009.8606806347051,VIP
1059,1,0.14,33.29,11.99,15.777728680613722,Low
1062,3,13.14,33.29,27.54,233.59613404277806,High
1071,2,4.0,33.14,13.37,32.92271283108478,Low
1075,2,4.86,33.14,16.24,46.71196347657022,Low
1076,3,19.29,33.14,20.42,272.2013776584095,High
1081,11,32.0,33.14,106.53,6687.17766238952,VIP
1084,2,2.29,33.14,47.84,69.19485685148204,Medium
1086,1,19.0,33.14,9.98,54.11719643755148,Medium
1088,7,28.71,33.14,66.7,2536.467909447147,VIP
1091,1,19.0,33.14,5.99,38.425696564575084,Low
1093,3,12.0,33.14,26.73,202.00069213850858,High
1095,2,28.0,33.14,31.62,345.03079312383943,High
1097,1,2.0,33.14,14.37,25.98285146652777,Low
1099,4,25.0,33.14,17.67,371.4137335973528,High
1100,2,15.29,33.0,17.7,145.37775587326814,Medium
1101,2,6.0,33.0,19.64,68.48216200723613,Medium
1102,1,18.29,33.0,14.99,72.94463363630086,Medium
1108,1,8.57,33.0,22.4,70.3044836103371,Medium
1109,3,30.29,33.0,17.7,310.1987365882106,High
1112,1,18.43,33.0,14.96,73.0762272362627,Medium
1113,1,0.86,33.0,27.94,37.52656154633038,Low
1114,6,18.43,33.0,24.64,434.5180009108141,High
1117,4,29.0,33.0,47.99,1060.9143770277285,VIP
1120,1,1.29,33.0,51.87,71.3239526628753,Medium
1122,2,9.86,33.0,56.73,301.0226087697815,High
1124,1,2.43,33.0,11.77,23.875341044020736,Low
1125,3,9.71,33.0,57.56,310.531536811221,High
1126,7,30.43,33.0,46.69,1844.653160619976,VIP
1127,2,15.0,33.0,45.82,349.09603905422114,High
1129,5,32.14,33.0,46.25,1328.8747617540948,VIP
1134,5,32.43,32.86,26.18,766.6994201537569,VIP
1136,12,17.71,32.86,51.97,240.2863375034447,High
1137,1,18.43,32.86,35.71,154.76104034531312,Medium
1139,1,18.86,32.86,30.15,134.33584921009282,Medium
1141,1,0.71,32.86,13.97,20.522940639373626,Low
1146,3,8.57,32.86,13.59,64.82288669467339,Medium
1152,1,12.14,32.86,103.18,344.1265957422961,High
1154,1,0.57,32.86,14.96,21.053371535656073,Low
1160,4,31.43,32.71,39.68,915.0550412312134,VIP
1164,2,15.43,32.71,31.04,249.31087531609018,High
1166,4,1.29,32.71,37.16,4.268730946598589,Low
1168,1,0.71,32.71,9.97,16.015602645981595,Low
1170,1,2.71,32.71,59.97,103.12240080618662,Medium
1172,3,6.0,32.71,14.63,39.13055023600984,Low
1178,1,8.86,32.71,32.26,99.6150866622886,Medium
1181,3,28.43,32.71,33.55,561.8054693543221,VIP
1183,3,20.57,32.57,30.77,434.7876350959674,High
1184,4,20.71,32.57,19.63,361.5020355628558,High
1185,1,30.14,32.57,38.97,205.774176597243,High
1187,2,32.57,32.57,42.47,488.8470035786801,High
1188,1,3.57,32.57,15.36,34.687105568584016,Low
1189,2,31.71,32.57,27.46,320.88484505305996,High
1190,1,0.86,32.57,21.74,30.83281134594402,Low
1193,2,1.14,32.57,36.83,38.39014626328234,Low
1194,1,1.57,32.57,11.77,21.353078539595415,Low
1198,1,0.57,32.57,24.74,32.50119534369266,Low
1199,7,15.0,32.57,26.09,202.59207697208745,High
1201,6,26.71,32.57,41.17,1324.378752581255,VIP
1203,6,29.57,32.57,35.67,1216.3664950018929,VIP
1207,1,0.29,32.57,46.29,53.7133677287548,Medium
1217,1,6.14,32.43,13.97,41.37694177854091,Low
1220,1,3.71,32.43,56.28,111.315198904913,Medium
1227,3,28.14,32.43,32.12,541.6476728423863,VIP
1230,3,25.86,32.29,23.49,389.3710095411209,High
1232,3,27.57,32.29,11.31,203.295925457559,High
1234,8,23.0,32.29,37.65,1306.2208917718597,VIP
1236,1,0.86,32.29,11.77,19.0485522620951,Low
1239,2,13.14,32.29,41.31,295.5333325920662,High
1242,11,30.86,32.29,15.03,975.8340773870261,VIP
1244,1,1.29,32.29,39.74,57.73366714871478,Medium
1245,8,32.29,32.29,24.59,1169.6398864537678,VIP
1247,1,3.57,32.29,12.77,30.38553156927861,Low
1249,1,7.86,32.29,29.33,87.71286690918298,Medium
1252,3,23.43,32.29,47.16,724.0652050336663,VIP
1258,3,14.29,32.29,78.06,766.3485242969404,VIP
1259,1,2.86,32.29,51.73,93.42164615177013,Medium
1261,1,19.86,32.29,13.77,72.51938238697278,Medium
1262,6,25.0,32.29,73.96,2272.9370439952,VIP
1264,2,21.43,32.29,12.97,140.13253008048042,Medium
1265,1,18.57,32.14,30.6,138.74252877301666,Medium
1266,1,0.14,32.14,6.79,11.198098758453245,Low
1268,1,2.86,32.14,8.78,21.28974392664451,Low
1269,1,0.71,32.14,14.96,22.45130192778865,Low
1271,3,11.86,32.14,29.35,233.96353659221518,High
1272,2,18.71,32.14,36.02,333.79921930258536,High
1276,2,2.43,32.14,53.92,87.1914876660272,Medium
1277,1,7.29,32.14,18.99,58.47975995437647,Medium
1278,1,15.86,32.14,29.73,125.97845443876533,Medium
1283,3,1.43,32.14,16.63,8.129823588653084,Low
1284,2,8.29,32.14,13.97,72.82419396245629,Medium
1286,3,19.14,32.14,14.31,203.97257160126483,High
1289,1,6.29,32.14,25.37,69.63460213297816,Medium
1290,4,24.71,32.14,68.63,1436.2650679921712,VIP
1292,6,30.71,32.14,19.82,705.1632283697514,VIP
1294,1,5.86,32.14,17.54,49.219908443127,Low
1295,1,30.14,32.14,28.48,157.44302120724217,Medium
1296,4,27.71,32.14,28.49,644.9055400684977,VIP
1298,2,27.14,32.14,20.95,240.24466272101446,High
1300,4,31.57,32.14,31.28,739.6425883556424,VIP
1305,2,21.57,32.0,34.24,345.6386296694597,High
1307,1,29.71,32.0,36.97,198.79220941067985,Medium
1309,1,18.0,32.0,16.36,80.58278522047542,Medium
1310,2,8.0,32.0,173.04,783.283957623644,VIP
1313,1,10.14,32.0,14.79,56.559011274150365,Medium
1316,2,11.86,32.0,26.75,182.94994400934002,Medium
1317,1,9.14,32.0,26.73,88.23335741408383,Medium
1320,3,6.29,32.0,19.5,59.12896882586652,Medium
1327,1,19.0,32.0,11.97,64.52392259285872,Medium
1328,1,29.29,32.0,23.49,132.37709125471287,Medium
1329,3,23.71,32.0,45.91,718.2589646896555,VIP
1330,2,27.14,32.0,33.14,370.19371401585573,High
1334,1,4.57,32.0,15.3,39.489137298681364,Low
1338,4,29.14,31.86,20.81,490.95828702611846,High
1340,1,1.57,31.86,44.11,68.07396050398133,Medium
1341,3,3.29,31.86,20.62,24.192317388053443,Low
1348,3,30.71,31.86,18.66,339.29698471794813,High
1349,1,23.71,31.86,71.62,340.06409388037434,High
1351,1,1.0,31.86,14.37,23.328684826059025,Low
1352,1,30.57,31.86,41.47,223.9248350506936,High
1353,2,11.14,31.86,25.68,168.28538493889067,Medium
1355,2,24.29,31.86,29.74,321.35864989090487,High
1359,3,25.71,31.86,34.78,574.3883631688028,VIP
1361,1,30.57,31.86,12.99,82.99077197000292,Medium
1363,1,19.29,31.86,11.77,64.44674060056748,Medium
1365,9,30.57,31.71,61.41,3256.6154689062923,VIP
1368,4,8.43,31.71,53.3,187.65477742333837,Medium
1370,2,23.43,31.71,18.96,209.6618405447229,High
1372,5,26.0,31.71,23.78,662.5155776104126,VIP
1375,1,5.29,31.71,27.94,71.13180329782499,Medium
1378,1,23.0,31.71,5.78,42.829523953127605,Low
1381,2,11.71,31.71,34.21,231.72686090305126,High
1387,4,30.29,31.71,36.39,857.7892951880235,VIP
1388,1,5.0,31.71,42.1,100.23459017552807,Medium
1391,1,1.0,31.57,21.74,33.27956103224489,Low
1392,5,22.86,31.57,22.8,581.9350181793972,VIP
1396,1,7.57,31.57,93.84,261.8216504677543,High
1398,1,11.14,31.57,25.54,95.21209809503624,Medium
1400,1,8.0,31.57,15.36,52.75788729167593,Medium
1402,1,6.57,31.57,23.94,69.36185932776334,Medium
1407,1,0.86,31.57,29.37,42.09094933027299,Low
1408,3,28.14,31.57,12.24,225.4887002398103,High
1411,2,14.0,31.57,12.47,106.90749919735568,Medium
1413,14,30.29,31.57,19.01,1586.8221102028685,VIP
1414,4,16.86,31.57,92.42,1362.7667575919334,VIP
1421,2,30.14,31.43,11.47,149.0358323301643,Medium
1424,2,24.71,31.43,10.39,127.60097781178031,Medium
1426,3,18.71,31.43,27.09,377.64296765696923,High
1428,2,6.29,31.43,19.99,80.84870146639568,Medium
1431,1,1.43,31.43,14.96,26.577435528398716,Low
1432,1,27.43,31.43,12.25,77.47735925413681,Medium
1433,6,19.57,31.43,28.41,668.8051962123733,VIP
1434,1,26.14,31.43,13.97,84.30397785858025,Medium
1435,6,18.14,31.43,37.41,743.2445962475683,VIP
1437,1,2.71,31.43,14.96,32.22103090025743,Low
1438,2,7.43,31.43,13.07,64.74409391757781,Medium
1441,2,22.57,31.43,36.81,386.5952194901866,High
1442,1,22.57,31.43,78.52,369.53555415057724,High
1444,2,21.43,31.43,32.02,330.5013876809447,High
1445,1,31.14,31.43,15.49,97.29981936363026,Medium
1447,1,9.57,31.29,29.99,102.94557378970063,Medium
1449,2,21.0,31.29,27.24,282.60906588816835,High
1452,3,17.43,31.29,28.94,381.5132972808441,High
1460,4,13.14,31.29,43.97,440.3370095764385,High
1462,4,20.14,31.29,32.45,612.2387481469113,VIP
1464,1,6.0,31.29,28.74,78.8766673899883,Medium
1467,5,29.14,31.29,87.24,2544.342959981579,VIP
1469,2,26.86,31.29,79.81,880.9338362546785,VIP
1471,1,17.14,31.14,19.77,95.20626505002845,Medium
1473,5,26.86,31.14,24.93,721.7687650858137,VIP
1475,1,2.29,31.14,17.3,34.69097150192031,Low
1476,2,26.29,31.14,54.04,601.4166249676057,VIP
1478,2,12.29,31.14,93.8,658.5755150353332,VIP
1479,2,19.14,31.14,16.13,167.52263551282462,Medium
1482,1,16.71,31.14,11.77,62.1616635270425,Medium
1489,1,26.14,31.14,52.87,271.7151254153319,High
1490,2,5.0,31.14,28.84,93.45651115264374,Medium
1495,3,22.14,31.14,33.4,525.8220902830551,VIP
1497,4,22.0,31.14,22.15,460.34453747758215,High
1499,1,2.0,31.14,13.97,27.989231510127347,Low
1502,3,25.86,31.14,97.1,1613.2322677288616,VIP
1503,1,3.14,31.14,49.27,97.71645376318537,Medium
1505,2,25.14,31.14,100.35,1080.7439040231845,VIP
1507,2,4.0,31.14,16.86,46.71898141359737,Low
1508,1,10.43,31.0,31.13,112.3814864142492,Medium
1512,4,19.0,31.0,82.83,1471.8716868736096,VIP
1516,26,30.86,31.0,39.97,6309.261710472646,VIP
1517,1,30.57,31.0,11.49,77.71584254747839,Medium
1518,6,26.14,31.0,40.85,1385.8899908565727,VIP
1521,1,8.29,31.0,14.9,53.71331170533569,Medium
1525,2,30.57,31.0,17.63,221.69282027098788,High
1529,2,1.57,31.0,68.17,91.47282346658899,Medium
1532,1,17.43,31.0,26.94,125.77164297802071,Medium
1533,2,19.71,31.0,22.96,236.05564572118578,High
1535,1,29.29,31.0,10.48,71.53906622995987,Medium
1539,14,29.86,30.86,18.13,1543.7587395426922,VIP
1541,1,2.71,30.86,14.79,32.82652100208554,Low
1543,2,5.14,30.86,17.57,61.91777552435417,Medium
1544,4,25.43,30.86,29.48,671.687079762232,VIP
1546,1,2.71,30.86,11.77,27.48824339270384,Low
1547,6,29.29,30.86,67.14,2398.5159223246737,VIP
1550,1,0.14,30.86,15.36,21.650400672946116,Low
1551,3,26.0,30.86,15.58,279.63402302612417,High
1552,1,2.14,30.86,13.97,28.97964461528071,Low
1557,1,16.29,30.86,50.48,216.75083557509618,High
1558,1,2.29,30.86,11.97,26.27997008051752,Low
1560,8,28.71,30.86,117.46,5544.429756763279,VIP
1567,3,25.86,30.86,17.89,317.2842674973288,High
1569,1,5.43,30.86,27.34,73.44277644613204,Medium
1572,3,30.29,30.86,22.39,414.03919802194935,High
1574,1,1.14,30.86,14.37,25.173148307267873,Low
1575,1,10.71,30.71,7.98,38.819448142024775,Low
1576,1,3.0,30.71,20.99,45.78576675982992,Low
1577,1,22.0,30.71,29.92,153.66782296458726,Medium
1579,1,3.86,30.71,16.36,41.152045239404714,Low
1580,9,12.0,30.71,24.46,36.697060700273866,Low
1583,3,26.43,30.71,28.2,495.05732207553314,High
1588,1,7.57,30.71,26.74,85.0089874605153,Medium
1593,1,2.0,30.71,9.97,22.150449876688256,Low
1595,2,4.0,30.71,22.64,63.08932000525071,Medium
1597,4,20.29,30.71,59.3,1147.6929567174984,VIP
1598,1,25.0,30.71,186.26,910.0211338117693,VIP
1605,2,21.43,30.71,87.46,895.37576435648,VIP
1607,1,24.71,30.71,14.96,89.35303426127425,Medium
1608,1,30.29,30.71,12.99,85.90742736084847,Medium
1609,1,14.71,30.57,12.77,63.84998200862433,Medium
1611,3,17.57,30.57,21.64,302.67204329018705,High
1612,2,6.0,30.57,14.67,62.056003154244756,Medium
1614,2,27.71,30.57,21.13,257.08747642673507,High
1615,5,28.43,30.57,39.96,1195.8906146750726,VIP
1617,1,16.57,30.57,15.96,80.34390452540116,Medium
1620,1,1.71,30.57,10.77,22.56413385612697,Low
1621,1,25.86,30.57,19.55,113.66426808757564,Medium
1626,1,3.29,30.57,48.36,100.53417333337397,Medium
1628,5,25.86,30.57,28.81,833.4909606405508,VIP
1629,1,28.14,30.57,60.44,322.3765982767386,High
1631,1,5.71,30.57,12.49,39.83879237896295,Low
1633,4,26.71,30.57,39.38,920.2479566051036,VIP
1639,4,21.71,30.43,27.34,577.5848404558344,VIP
1640,3,12.71,30.43,41.36,404.434036403312,High
1644,1,17.29,30.43,33.86,156.91208213133578,Medium
1646,1,3.29,30.43,38.31,81.71201761147522,Medium
1648,2,8.86,30.43,20.35,120.56918882632183,Medium
1652,2,24.43,30.43,12.57,155.00330890018617,Medium
1653,4,20.86,30.43,23.7,487.876751047356,High
1658,2,19.57,30.43,38.73,393.44217208882947,High
1662,1,16.86,30.43,14.96,77.27158425721689,Medium
1664,1,6.0,30.43,24.73,71.91581551654096,Medium
1665,1,4.29,30.29,18.36,48.27908351271267,Low
1668,3,16.86,30.29,21.01,288.3478954029595,High
1669,3,30.29,30.29,23.29,437.64343648770097,High
1671,2,25.71,30.29,45.19,517.1308205420878,VIP
1673,1,21.14,30.29,56.77,275.91689852723863,High
1675,1,24.57,30.29,28.74,157.01707040803768,Medium
1679,5,28.29,30.29,63.19,1893.056094421314,VIP
1680,1,8.29,30.29,22.54,78.06993329585636,Medium
1681,3,18.29,30.29,13.23,200.7456336112362,High
1683,2,19.43,30.29,11.77,132.5772395526188,Medium
1684,1,1.86,30.29,25.99,47.94238286595743,Low
1686,1,10.14,30.29,28.08,104.2423969013497,Medium
1690,1,22.0,30.29,13.97,82.17134064309546,Medium
1692,2,3.86,30.29,39.81,107.34495981765362,Medium
1696,2,17.71,30.14,245.21,2294.1966586746225,VIP
1697,3,20.86,30.14,24.75,397.5465082401542,High
1700,5,30.0,30.14,20.87,655.1396322175829,VIP
1702,2,2.0,30.14,18.34,32.489391663228325,Low
1708,1,1.29,30.14,5.78,14.128542612759652,Low
1709,1,16.14,30.14,14.96,76.65735464049328,Medium
1712,9,28.57,30.14,32.13,1765.0990420072742,VIP
1713,2,8.86,30.14,41.14,237.45717531008384,High
1715,1,6.29,30.14,52.5,147.1193833051488,Medium
1716,1,2.14,30.14,116.47,203.5211072161605,High
1720,1,21.86,30.14,41.11,208.41648310569767,High
1721,1,21.86,30.14,43.89,221.32331044367115,High
1728,2,5.43,30.0,15.48,61.77482261123939,Medium
1733,3,29.71,30.0,43.47,800.5122578199005,VIP
1737,1,20.86,30.0,15.36,87.68421338915539,Medium
1742,2,25.14,30.0,22.35,266.77964927595326,High
1744,4,25.14,30.0,26.47,622.3680879525781,VIP
1746,4,28.43,30.0,33.56,821.7507762120395,VIP
1747,3,24.43,30.0,32.79,568.4332110479551,VIP
1749,3,16.0,30.0,10.83,151.7119298283413,Medium
1750,2,15.71,30.0,43.69,396.09154695500354,High
1756,4,7.57,30.0,34.94,119.5127164321438,Medium
1760,5,26.57,29.86,31.61,949.7981885611503,VIP
1761,3,6.29,29.86,90.41,322.7870007030506,High
1762,2,15.29,29.86,34.13,309.6358170910133,High
1763,2,28.71,29.86,15.23,198.0081909217411,Medium
1766,3,24.71,29.86,38.57,671.7423263275974,VIP
1767,2,16.86,29.86,19.99,199.8629930897329,Medium
1768,4,26.57,29.86,32.66,785.2537433436596,VIP
1770,7,28.0,29.86,12.89,566.2247505112377,VIP
1771,1,21.57,29.86,14.96,87.44255073152561,Medium
1772,2,20.71,29.86,14.77,169.83600880719231,Medium
1774,2,8.14,29.86,13.73,81.30603552738674,Medium
1775,2,15.29,29.86,23.0,213.96096128331078,High
1777,3,2.43,29.86,47.03,46.2420654500085,Low
1781,1,24.57,29.86,16.36,98.73132931170535,Medium
1783,1,14.0,29.86,56.06,232.174281529714,High
1786,3,12.71,29.86,8.51,96.52748528974399,Medium
1789,1,2.86,29.86,26.73,57.78099864644431,Medium
1790,6,26.43,29.86,27.93,1005.3893802913265,VIP
1792,1,17.57,29.86,29.98,144.8375547304822,Medium
1794,2,24.86,29.86,41.72,480.34878260787804,High
1795,3,5.71,29.86,26.32,83.5238474705566,Medium
1798,3,9.71,29.71,64.21,455.92389369112846,High
1800,1,20.14,29.71,105.26,497.85764666442816,High
1808,5,29.57,29.71,42.51,1323.6970289812614,VIP
1812,1,21.14,29.71,87.4,424.4219606073499,High
1820,9,23.43,29.71,62.4,2972.9099381201468,VIP
1821,4,28.14,29.71,26.91,667.7216843158498,VIP
1822,2,27.57,29.71,47.95,572.0510680112255,VIP
1825,1,5.0,29.71,48.31,124.94625327274576,Medium
1826,4,8.0,29.71,45.73,183.56461524719035,Medium
1827,1,20.86,29.57,27.94,147.6399953961353,Medium
1829,1,1.0,29.57,63.04,96.55589149612081,Medium
1831,1,20.86,29.57,11.77,72.37901148538153,Medium
1834,1,19.71,29.57,28.77,148.10565769847503,Medium
1836,1,0.71,29.57,6.77,14.422378637249594,Low
1840,1,1.71,29.57,32.99,60.008780779845836,Medium
1842,1,14.29,29.57,36.7,160.39959094741837,Medium
1843,5,29.43,29.57,40.12,1254.6331217403801,VIP
1845,1,25.0,29.57,14.96,93.40612661479442,Medium
1849,1,27.0,29.57,12.99,85.89024379231918,Medium
1851,1,9.71,29.57,14.99,62.03917695789575,Medium
1853,1,2.0,29.57,18.99,38.85996332217583,Low
1855,1,1.57,29.57,43.89,76.06260264513688,Medium
1856,1,26.29,29.43,12.25,81.7432387676213,Medium
1860,7,28.57,29.43,36.26,1585.788014035631,VIP
1863,1,28.57,29.43,2.99,35.519124524771314,Low
1865,1,24.0,29.43,11.77,76.74626557348535,Medium
1872,1,2.43,29.43,44.69,88.61483108638997,Medium
1873,1,9.57,29.43,9.7,44.51714377840917,Low
1876,1,24.14,29.43,14.37,89.76915130239856,Medium
1878,2,10.71,29.43,11.77,92.43084118577568,Medium
1882,1,11.43,29.43,9.99,49.49210935349952,Low
1886,1,16.29,29.29,13.97,75.37341912044015,Medium
1887,15,23.86,29.29,19.83,1503.0602460732684,VIP
1889,1,16.29,29.29,59.65,269.3397479252617,High
1891,2,20.57,29.29,14.47,170.07188877565912,Medium
1894,3,22.57,29.29,24.76,430.5496267834348,High
1899,1,12.14,29.29,22.54,97.88628678325296,Medium
1901,21,4.71,29.29,299.63,2.638876702646548e-06,Low
1902,2,20.43,29.29,75.05,797.2747708154341,VIP
1906,3,19.86,29.29,17.89,295.0337367709993,High
1909,3,16.14,29.29,19.48,273.20316499167507,High
1910,2,20.57,29.29,37.82,412.80302188802295,High
1911,1,2.14,29.29,12.79,29.28770532370293,Low
1914,1,0.43,29.29,42.49,60.624598865884735,Medium
1915,1,17.14,29.14,123.53,555.7620057457079,VIP
1916,1,3.29,29.14,32.0,74.0468150066165,Medium
1919,1,25.14,29.14,17.3,106.90509603401439,Medium
1920,2,18.29,29.14,213.01,2120.552665401929,VIP
1921,2,3.71,29.14,20.69,61.37853029754063,Medium
1922,1,5.14,29.14,34.93,96.62009044448614,Medium
1925,4,28.57,29.14,13.17,346.47909048693964,High
1929,2,27.86,29.14,12.13,164.6058187893498,Medium
1932,1,22.71,29.14,14.96,91.56982131398019,Medium
1934,1,19.14,29.14,15.76,89.30206059048811,Medium
1935,1,11.14,29.14,20.54,87.43139170528629,Medium
1939,2,27.71,29.14,34.91,431.3369705578289,High
1943,2,20.14,29.14,32.53,356.43258127330705,High
1946,2,4.0,29.0,36.11,111.16145632370572,Medium
1950,1,15.14,29.0,26.14,124.48887297349401,Medium
1953,6,21.29,29.0,38.25,1216.8814263703102,VIP
1955,11,23.29,29.0,30.04,1773.9601789513779,VIP
1958,1,3.86,29.0,14.96,41.626071400972165,Low
1959,1,1.57,29.0,13.97,29.178762051977856,Low
1961,1,28.0,29.0,11.49,80.76974686345477,Medium
1962,1,18.29,29.0,38.97,192.80931183032206,Medium
1963,2,10.86,29.0,49.97,363.65682610735746,High
1964,2,25.43,29.0,25.66,315.49979306504713,High
1966,3,1.43,29.0,37.45,25.05971365189395,Low
1975,1,8.86,28.86,22.77,86.66767413995876,Medium
1980,1,1.71,28.86,60.25,108.43750031864478,Medium
1981,17,28.43,28.86,48.23,5207.798185604812,VIP
1982,2,23.71,28.86,15.16,191.3286957968421,Medium
1983,2,11.86,28.86,35.86,285.61745870591255,High
1985,2,3.0,28.86,26.54,66.8051564555206,Medium
1987,2,21.29,28.86,20.65,242.07809598647665,High
1992,1,16.71,28.86,13.97,77.50872719561318,Medium
2005,3,15.86,28.71,62.95,860.9679143813753,VIP
2007,1,22.71,28.71,21.7,126.48939245028834,Medium
2010,1,15.14,28.71,19.99,100.07032342228307,Medium
2012,2,8.43,28.71,20.1,127.0187783078144,Medium
2017,1,15.57,28.71,11.77,66.26931623862268,Medium
2022,1,13.0,28.71,27.94,124.75204574715539,Medium
2024,7,24.29,28.71,16.6,704.8030981994638,VIP
2027,1,8.71,28.71,10.77,47.43200136686573,Low
2030,3,15.14,28.57,29.2,394.9330322970155,High
2033,2,25.29,28.57,34.9,427.0406434230206,High
2034,4,21.71,28.57,26.56,613.1219696950667,VIP
2036,1,2.29,28.57,13.77,32.896808853084714,Low
2041,2,9.57,28.57,13.07,97.08207851643681,Medium
2042,1,2.14,28.57,66.43,128.8233204627578,Medium
2044,4,25.14,28.57,37.66,925.9717639404098,VIP
2045,2,5.71,28.57,30.94,135.34353172950037,Medium
2048,1,14.86,28.57,14.79,77.98679824792276,Medium
2049,3,15.0,28.57,43.7,577.9101951251137,VIP
2052,1,11.0,28.57,12.25,58.7176227446807,Medium
2055,1,13.14,28.57,50.48,215.702472769142,High
2057,1,8.43,28.57,14.96,60.53225511824669,Medium
2058,1,25.43,28.57,122.37,655.6158415031699,VIP
2068,2,27.71,28.43,39.34,495.1422502652654,High
2069,3,27.71,28.43,19.47,383.1562271018362,High
2071,1,13.86,28.43,8.97,52.22268123065698,Medium
2073,1,4.14,28.43,35.91,93.38112712579057,Medium
2074,1,21.14,28.43,28.74,158.78987317876286,Medium
2075,3,7.29,28.43,11.6,65.61393581601511,Medium
2076,3,27.71,28.43,27.09,523.9962090781066,VIP
2081,1,1.43,28.43,4.79,14.19023422563576,Low
2083,2,8.43,28.43,44.99,275.66178493954845,High
2085,1,0.86,28.43,14.96,28.036542402657997,Low
2089,1,28.29,28.29,12.99,91.2540609055307,Medium
2090,1,1.29,28.29,16.36,32.81073114418958,Low
2092,2,5.43,28.29,21.66,94.74185039670147,Medium
2094,2,22.14,28.29,25.85,309.68055252945953,High
2096,3,26.0,28.29,45.64,854.0750327855116,VIP
2098,4,11.14,28.29,77.06,750.1792178419305,VIP
2100,1,11.0,28.29,31.76,131.78052088097735,Medium
2101,1,7.57,28.29,54.51,181.2537655272905,Medium
2104,1,18.86,28.29,48.91,247.35397916944748,High
2106,3,21.14,28.29,18.82,335.25261015805495,High
2110,1,13.29,28.29,15.76,79.00473752908493,Medium
2111,1,1.57,28.29,42.29,78.63922841160952,Medium
2117,1,19.0,28.29,14.37,85.4604873238153,Medium
2119,1,4.29,28.29,176.86,434.448466278221,High
2121,3,27.71,28.14,33.47,648.3090529299761,VIP
2123,6,12.43,28.14,37.81,379.3257970216333,High
2128,3,24.43,28.14,53.57,982.1341759918098,VIP
2132,2,25.0,28.14,19.64,252.832415588774,High
2133,5,9.57,28.14,40.54,227.4028209211409,High
2135,1,3.57,28.14,47.28,114.77455267332441,Medium
2138,1,2.86,28.14,16.7,42.34166346598592,Low
2140,1,7.14,28.14,24.99,87.65224467671806,Medium
2143,2,17.0,28.14,41.83,433.5017692491145,High
2145,1,5.43,28.14,11.77,41.76677945385775,Low
2146,2,24.57,28.14,13.57,180.4754007201378,Medium
2149,7,26.86,28.0,37.83,1704.3662837188485,VIP
2152,2,14.29,28.0,48.68,455.5952470993818,High
2154,2,21.86,28.0,22.55,274.52868953658316,High
2155,2,2.86,28.0,15.37,41.956209854543474,Low
2161,2,8.43,28.0,38.13,241.89153122450583,High
2163,8,27.57,28.0,51.97,2688.8202810964467,VIP
2166,5,18.43,28.0,18.63,474.39617589183166,High
2168,1,8.43,28.0,14.37,60.18184012454953,Medium
2170,1,1.43,28.0,15.36,32.432652879809176,Low
2172,1,3.57,28.0,19.54,52.79814553701356,Medium
2175,1,11.29,28.0,29.6,126.87373651698974,Medium
2177,3,8.0,28.0,12.57,84.54151297460854,Medium
2179,2,20.57,27.86,54.59,621.9705655356239,VIP
2183,2,12.57,27.86,62.23,534.1537941551953,VIP
2184,1,19.57,27.86,26.33,145.86204485351496,Medium
2189,1,0.14,27.86,14.79,24.702704943584873,Low
2191,2,25.71,27.86,59.66,736.9025918933341,VIP
2196,2,23.71,27.86,12.02,162.02543402882077,Medium
2199,1,7.43,27.86,9.98,43.28149978223387,Low
2201,1,23.57,27.86,37.95,216.71589780302895,High
2202,2,24.43,27.86,87.9,1056.918672324836,VIP
2205,1,1.71,27.86,100.37,186.03182694042752,Medium
2207,2,7.57,27.71,20.96,128.35588984347638,Medium
2210,3,25.71,27.71,18.43,364.8058895893079,High
2214,1,21.57,27.71,5.96,49.25496774411195,Low
2218,1,14.0,27.71,11.77,65.93577412059355,Medium
2220,9,25.29,27.71,15.81,917.1211809716987,VIP
2221,3,20.14,27.71,125.6,2117.7777323447576,VIP
2228,3,19.86,27.57,28.39,494.32536020956456,High
2231,2,26.43,27.57,41.44,528.6937993702528,VIP
2233,1,27.29,27.57,38.97,235.90992945077497,High
2234,1,21.43,27.57,71.5,381.7839810514619,High
2235,1,7.71,27.57,39.98,141.97517718982084,Medium
2239,2,6.43,27.57,45.61,233.67024200015555,High
2240,6,27.57,27.57,31.1,1232.312943611709,VIP
2250,1,9.71,27.43,18.76,81.96609739995836,Medium
2252,1,8.43,27.43,13.77,59.75622779715817,Medium
2254,1,3.71,27.43,61.24,153.93237821181486,Medium
2260,1,9.0,27.43,95.95,350.07619802297785,High
2261,4,23.0,27.43,79.86,1952.620364428989,VIP
2264,2,27.0,27.43,77.29,977.0724841073256,VIP
2270,1,16.29,27.43,14.96,85.76955774549354,Medium
2274,1,4.86,27.29,26.99,82.10374859420205,Medium
2278,1,22.14,27.29,45.29,254.58219162757072,High
2280,2,20.71,27.29,29.65,356.47794693764746,High
2282,1,0.71,27.29,14.37,28.09685259636122,Low
2285,6,13.29,27.29,41.79,598.33309586219,VIP
2290,1,15.86,27.29,29.33,150.72307616255492,Medium
2293,2,15.43,27.29,22.15,234.90541348088018,High
2294,6,21.14,27.29,34.67,1214.7137484727677,VIP
2296,1,12.14,27.14,25.34,118.79981256747575,Medium
2301,2,19.0,27.14,38.37,440.98323391860043,High
2303,7,23.43,27.14,38.57,1693.3924070902758,VIP
2305,1,24.43,27.14,27.98,171.58604422083795,Medium
2306,2,8.29,27.14,40.41,266.5260734701705,High
2307,1,6.14,27.14,14.96,55.8946447882833,Medium
2308,1,1.57,27.14,28.93,59.435373092814395,Medium
2309,1,0.43,27.14,15.96,29.126629082134073,Low
2312,1,25.86,27.14,12.49,89.60936948480445,Medium
2313,5,18.0,27.14,20.68,541.8579480682827,VIP
2315,1,7.86,27.14,50.87,182.59526218770816,Medium
2318,2,13.29,27.14,23.66,229.56018212733855,High
2325,1,2.57,27.14,22.99,56.222738724066225,Medium
2328,1,21.43,27.0,34.97,200.90044451825946,High
2330,1,13.71,27.0,15.36,82.8925509613548,Medium
2332,5,13.0,27.0,146.96,2182.485375568827,VIP
2333,1,20.43,27.0,68.63,368.8121934689915,High
2335,1,2.57,27.0,32.91,77.63946055886458,Medium
2336,2,6.86,27.0,21.85,128.59960631908746,Medium
2339,1,11.71,27.0,21.0,100.091468372108,Medium
2340,2,17.57,27.0,43.8,485.0858914636317,High
2342,1,6.29,27.0,52.69,171.46235178510753,Medium
2344,2,12.0,27.0,15.24,144.7776040590328,Medium
2346,1,7.57,27.0,11.77,51.404314117414806,Medium
2347,2,9.86,27.0,32.64,252.45174559778286,High
2348,7,24.14,27.0,16.36,748.1556494944293,VIP
2349,1,9.29,27.0,13.97,64.50658110351608,Medium
2350,2,21.86,27.0,18.56,238.92401452795247,High
2354,5,24.29,27.0,44.93,1443.3231527435942,VIP
2356,4,26.57,27.0,33.32,886.8098597536806,VIP
